n03384352,ILSVRC2012_val_00023568.JPEG
n04209133,ILSVRC2012_val_00046449.JPEG
n02487347,ILSVRC2012_val_00045123.JPEG
n03483316,ILSVRC2012_val_00020417.JPEG
n03787032,ILSVRC2012_val_00031999.JPEG
n02699494,ILSVRC2012_val_00011526.JPEG
n02099849,ILSVRC2012_val_00017470.JPEG
n07583066,ILSVRC2012_val_00043380.JPEG
n02116738,ILSVRC2012_val_00048385.JPEG
n03444034,ILSVRC2012_val_00030549.JPEG
n02317335,ILSVRC2012_val_00011730.JPEG
n03976467,ILSVRC2012_val_00045344.JPEG
n01629819,ILSVRC2012_val_00033081.JPEG
n01914609,ILSVRC2012_val_00037668.JPEG
n01693334,ILSVRC2012_val_00042142.JPEG
n02992211,ILSVRC2012_val_00026596.JPEG
n02486261,ILSVRC2012_val_00010854.JPEG
n02098413,ILSVRC2012_val_00029364.JPEG
n03956157,ILSVRC2012_val_00046163.JPEG
n03658185,ILSVRC2012_val_00040268.JPEG
n03594945,ILSVRC2012_val_00014841.JPEG
n02395406,ILSVRC2012_val_00047280.JPEG
n03062245,ILSVRC2012_val_00038521.JPEG
n04023962,ILSVRC2012_val_00041453.JPEG
n04606251,ILSVRC2012_val_00018377.JPEG
n03666591,ILSVRC2012_val_00011358.JPEG
n01943899,ILSVRC2012_val_00037632.JPEG
n03691459,ILSVRC2012_val_00002095.JPEG
n07716906,ILSVRC2012_val_00043959.JPEG
n02229544,ILSVRC2012_val_00003649.JPEG
n01924916,ILSVRC2012_val_00041450.JPEG
n02100735,ILSVRC2012_val_00037842.JPEG
n06874185,ILSVRC2012_val_00047596.JPEG
n09246464,ILSVRC2012_val_00035485.JPEG
n02091244,ILSVRC2012_val_00040640.JPEG
n02236044,ILSVRC2012_val_00010653.JPEG
n03793489,ILSVRC2012_val_00031394.JPEG
n01950731,ILSVRC2012_val_00029162.JPEG
n04476259,ILSVRC2012_val_00042785.JPEG
n04254777,ILSVRC2012_val_00026534.JPEG
n01737021,ILSVRC2012_val_00013820.JPEG
n02981792,ILSVRC2012_val_00006558.JPEG
n02113799,ILSVRC2012_val_00045628.JPEG
n06596364,ILSVRC2012_val_00007624.JPEG
n02787622,ILSVRC2012_val_00041402.JPEG
n01491361,ILSVRC2012_val_00031568.JPEG
n09193705,ILSVRC2012_val_00025405.JPEG
n01756291,ILSVRC2012_val_00043916.JPEG
n04049303,ILSVRC2012_val_00042854.JPEG
n02124075,ILSVRC2012_val_00024000.JPEG
n02107908,ILSVRC2012_val_00046552.JPEG
n03840681,ILSVRC2012_val_00013326.JPEG
n02111129,ILSVRC2012_val_00014863.JPEG
n02233338,ILSVRC2012_val_00017845.JPEG
n03717622,ILSVRC2012_val_00008215.JPEG
n03950228,ILSVRC2012_val_00031801.JPEG
n02802426,ILSVRC2012_val_00034170.JPEG
n03937543,ILSVRC2012_val_00039122.JPEG
n03476991,ILSVRC2012_val_00007194.JPEG
n03803284,ILSVRC2012_val_00014998.JPEG
n02999410,ILSVRC2012_val_00004628.JPEG
n04548280,ILSVRC2012_val_00018797.JPEG
n01910747,ILSVRC2012_val_00034716.JPEG
n03126707,ILSVRC2012_val_00004266.JPEG
n02025239,ILSVRC2012_val_00025899.JPEG
n02096294,ILSVRC2012_val_00017380.JPEG
n02408429,ILSVRC2012_val_00048535.JPEG
n04355933,ILSVRC2012_val_00028448.JPEG
n02105505,ILSVRC2012_val_00022495.JPEG
n02493509,ILSVRC2012_val_00043695.JPEG
n13044778,ILSVRC2012_val_00000755.JPEG
n02174001,ILSVRC2012_val_00025855.JPEG
n03445924,ILSVRC2012_val_00017291.JPEG
n02817516,ILSVRC2012_val_00016063.JPEG
n01768244,ILSVRC2012_val_00012521.JPEG
n01843383,ILSVRC2012_val_00034194.JPEG
n02963159,ILSVRC2012_val_00038532.JPEG
n02086646,ILSVRC2012_val_00022264.JPEG
n02892201,ILSVRC2012_val_00025778.JPEG
n02974003,ILSVRC2012_val_00002405.JPEG
n04380533,ILSVRC2012_val_00034241.JPEG
n02454379,ILSVRC2012_val_00014288.JPEG
n03935335,ILSVRC2012_val_00021463.JPEG
n01514668,ILSVRC2012_val_00019721.JPEG
n03733281,ILSVRC2012_val_00044403.JPEG
n03595614,ILSVRC2012_val_00025156.JPEG
n02090721,ILSVRC2012_val_00017787.JPEG
n03529860,ILSVRC2012_val_00037350.JPEG
n03970156,ILSVRC2012_val_00031624.JPEG
n02087394,ILSVRC2012_val_00043077.JPEG
n02497673,ILSVRC2012_val_00043657.JPEG
n03075370,ILSVRC2012_val_00020729.JPEG
n03223299,ILSVRC2012_val_00017518.JPEG
n04141975,ILSVRC2012_val_00006686.JPEG
n02493793,ILSVRC2012_val_00037565.JPEG
n02966193,ILSVRC2012_val_00023992.JPEG
n04552348,ILSVRC2012_val_00030208.JPEG
n07873807,ILSVRC2012_val_00047884.JPEG
n02361337,ILSVRC2012_val_00038028.JPEG
n01531178,ILSVRC2012_val_00015863.JPEG
n02950826,ILSVRC2012_val_00022031.JPEG
n03291819,ILSVRC2012_val_00037625.JPEG
n03042490,ILSVRC2012_val_00015479.JPEG
n03240683,ILSVRC2012_val_00005973.JPEG
n02127052,ILSVRC2012_val_00030530.JPEG
n03697007,ILSVRC2012_val_00002979.JPEG
n01704323,ILSVRC2012_val_00049395.JPEG
n02727426,ILSVRC2012_val_00018413.JPEG
n09332890,ILSVRC2012_val_00033656.JPEG
n02883205,ILSVRC2012_val_00012387.JPEG
n01773157,ILSVRC2012_val_00004118.JPEG
n04116512,ILSVRC2012_val_00025306.JPEG
n01622779,ILSVRC2012_val_00024052.JPEG
n13133613,ILSVRC2012_val_00039251.JPEG
n02112350,ILSVRC2012_val_00019028.JPEG
n02111500,ILSVRC2012_val_00038112.JPEG
n03630383,ILSVRC2012_val_00010469.JPEG
n07802026,ILSVRC2012_val_00005499.JPEG
n03498962,ILSVRC2012_val_00007225.JPEG
n03160309,ILSVRC2012_val_00030594.JPEG
n03127925,ILSVRC2012_val_00016539.JPEG
n02097474,ILSVRC2012_val_00005082.JPEG
n02490219,ILSVRC2012_val_00029804.JPEG
n03208938,ILSVRC2012_val_00017225.JPEG
n03832673,ILSVRC2012_val_00010778.JPEG
n02444819,ILSVRC2012_val_00038487.JPEG
n04515003,ILSVRC2012_val_00003401.JPEG
n03141823,ILSVRC2012_val_00002740.JPEG
n03124043,ILSVRC2012_val_00009429.JPEG
n03742115,ILSVRC2012_val_00036807.JPEG
n03457902,ILSVRC2012_val_00007776.JPEG
n02129165,ILSVRC2012_val_00020119.JPEG
n01824575,ILSVRC2012_val_00005067.JPEG
n04487394,ILSVRC2012_val_00012692.JPEG
n02102177,ILSVRC2012_val_00023888.JPEG
n09468604,ILSVRC2012_val_00032589.JPEG
n02231487,ILSVRC2012_val_00009943.JPEG
n02085936,ILSVRC2012_val_00005738.JPEG
n03028079,ILSVRC2012_val_00007400.JPEG
n02536864,ILSVRC2012_val_00047174.JPEG
n02279972,ILSVRC2012_val_00034478.JPEG
n03485407,ILSVRC2012_val_00022547.JPEG
n02107574,ILSVRC2012_val_00033915.JPEG
n02979186,ILSVRC2012_val_00027735.JPEG
n01930112,ILSVRC2012_val_00020370.JPEG
n07714990,ILSVRC2012_val_00004207.JPEG
n02167151,ILSVRC2012_val_00049611.JPEG
n04069434,ILSVRC2012_val_00038099.JPEG
n03476684,ILSVRC2012_val_00026987.JPEG
n03125729,ILSVRC2012_val_00010667.JPEG
n02101556,ILSVRC2012_val_00030261.JPEG
n03947888,ILSVRC2012_val_00031717.JPEG
n03467068,ILSVRC2012_val_00039679.JPEG
n02110627,ILSVRC2012_val_00048288.JPEG
n03967562,ILSVRC2012_val_00027606.JPEG
n02028035,ILSVRC2012_val_00002965.JPEG
n04371430,ILSVRC2012_val_00042300.JPEG
n01644900,ILSVRC2012_val_00001938.JPEG
n02172182,ILSVRC2012_val_00045513.JPEG
n02776631,ILSVRC2012_val_00024657.JPEG
n02917067,ILSVRC2012_val_00010671.JPEG
n02101006,ILSVRC2012_val_00004977.JPEG
n03710637,ILSVRC2012_val_00000117.JPEG
n02100583,ILSVRC2012_val_00017439.JPEG
n02793495,ILSVRC2012_val_00011475.JPEG
n04070727,ILSVRC2012_val_00030280.JPEG
n04483307,ILSVRC2012_val_00006371.JPEG
n04590129,ILSVRC2012_val_00016279.JPEG
n04392985,ILSVRC2012_val_00005368.JPEG
n04192698,ILSVRC2012_val_00004694.JPEG
n12267677,ILSVRC2012_val_00045530.JPEG
n04501370,ILSVRC2012_val_00027386.JPEG
n02492035,ILSVRC2012_val_00020936.JPEG
n02281406,ILSVRC2012_val_00046852.JPEG
n04462240,ILSVRC2012_val_00031580.JPEG
n04487081,ILSVRC2012_val_00040746.JPEG
n01980166,ILSVRC2012_val_00038606.JPEG
n02088632,ILSVRC2012_val_00039010.JPEG
n02815834,ILSVRC2012_val_00027345.JPEG
n07718747,ILSVRC2012_val_00030432.JPEG
n01729977,ILSVRC2012_val_00028097.JPEG
n02114367,ILSVRC2012_val_00001469.JPEG
n09421951,ILSVRC2012_val_00049059.JPEG
n04525038,ILSVRC2012_val_00003391.JPEG
n03134739,ILSVRC2012_val_00004507.JPEG
n02108422,ILSVRC2012_val_00016693.JPEG
n12144580,ILSVRC2012_val_00000632.JPEG
n02690373,ILSVRC2012_val_00023781.JPEG
n04044716,ILSVRC2012_val_00018277.JPEG
n02105056,ILSVRC2012_val_00034070.JPEG
n07711569,ILSVRC2012_val_00028805.JPEG
n02892767,ILSVRC2012_val_00011591.JPEG
n04428191,ILSVRC2012_val_00047627.JPEG
n06794110,ILSVRC2012_val_00026619.JPEG
n01847000,ILSVRC2012_val_00043195.JPEG
n02177972,ILSVRC2012_val_00008931.JPEG
n09399592,ILSVRC2012_val_00019605.JPEG
n02168699,ILSVRC2012_val_00034014.JPEG
n04465501,ILSVRC2012_val_00025153.JPEG
n10148035,ILSVRC2012_val_00006461.JPEG
n02443484,ILSVRC2012_val_00041818.JPEG
n07717410,ILSVRC2012_val_00010479.JPEG
n02363005,ILSVRC2012_val_00037704.JPEG
n03933933,ILSVRC2012_val_00040544.JPEG
n02422699,ILSVRC2012_val_00018674.JPEG
n04252225,ILSVRC2012_val_00010009.JPEG
n03344393,ILSVRC2012_val_00026840.JPEG
n03109150,ILSVRC2012_val_00018467.JPEG
n03259280,ILSVRC2012_val_00026342.JPEG
n03958227,ILSVRC2012_val_00026875.JPEG
n01614925,ILSVRC2012_val_00027196.JPEG
n01775062,ILSVRC2012_val_00037935.JPEG
n02119789,ILSVRC2012_val_00028623.JPEG
n02281787,ILSVRC2012_val_00033593.JPEG
n01667778,ILSVRC2012_val_00046149.JPEG
n01682714,ILSVRC2012_val_00016464.JPEG
n03271574,ILSVRC2012_val_00015784.JPEG
n02097658,ILSVRC2012_val_00029652.JPEG
n02443114,ILSVRC2012_val_00011616.JPEG
n02342885,ILSVRC2012_val_00036070.JPEG
n02823750,ILSVRC2012_val_00046967.JPEG
n03544143,ILSVRC2012_val_00003951.JPEG
n02843684,ILSVRC2012_val_00015790.JPEG
n04037443,ILSVRC2012_val_00043338.JPEG
n02123045,ILSVRC2012_val_00013673.JPEG
n01630670,ILSVRC2012_val_00003702.JPEG
n10565667,ILSVRC2012_val_00042874.JPEG
n03770679,ILSVRC2012_val_00023556.JPEG
n02865351,ILSVRC2012_val_00049314.JPEG
n07693725,ILSVRC2012_val_00039718.JPEG
n04517823,ILSVRC2012_val_00033389.JPEG
n03924679,ILSVRC2012_val_00024977.JPEG
n03272562,ILSVRC2012_val_00033075.JPEG
n02085620,ILSVRC2012_val_00019402.JPEG
n02808304,ILSVRC2012_val_00013663.JPEG
n07615774,ILSVRC2012_val_00002972.JPEG
n02655020,ILSVRC2012_val_00011321.JPEG
n04356056,ILSVRC2012_val_00035670.JPEG
n02098105,ILSVRC2012_val_00021904.JPEG
n02895154,ILSVRC2012_val_00032037.JPEG
n02769748,ILSVRC2012_val_00000459.JPEG
n02091467,ILSVRC2012_val_00029705.JPEG
n07749582,ILSVRC2012_val_00044342.JPEG
n01685808,ILSVRC2012_val_00018430.JPEG
n01518878,ILSVRC2012_val_00001031.JPEG
n03814639,ILSVRC2012_val_00048113.JPEG
n03131574,ILSVRC2012_val_00011850.JPEG
n02328150,ILSVRC2012_val_00018640.JPEG
n02916936,ILSVRC2012_val_00008635.JPEG
n03000247,ILSVRC2012_val_00044700.JPEG
n02397096,ILSVRC2012_val_00043924.JPEG
n04074963,ILSVRC2012_val_00037963.JPEG
n01687978,ILSVRC2012_val_00041541.JPEG
n01695060,ILSVRC2012_val_00006971.JPEG
n01855672,ILSVRC2012_val_00004235.JPEG
n04479046,ILSVRC2012_val_00038958.JPEG
n02165456,ILSVRC2012_val_00046856.JPEG
n03196217,ILSVRC2012_val_00047751.JPEG
n03297495,ILSVRC2012_val_00039493.JPEG
n02823428,ILSVRC2012_val_00035259.JPEG
n04326547,ILSVRC2012_val_00039424.JPEG
n11939491,ILSVRC2012_val_00016763.JPEG
n02120505,ILSVRC2012_val_00042055.JPEG
n02095314,ILSVRC2012_val_00038926.JPEG
n02980441,ILSVRC2012_val_00043355.JPEG
n04456115,ILSVRC2012_val_00012862.JPEG
n02105855,ILSVRC2012_val_00045056.JPEG
n07753275,ILSVRC2012_val_00027781.JPEG
n12057211,ILSVRC2012_val_00048982.JPEG
n02606052,ILSVRC2012_val_00002149.JPEG
n02825657,ILSVRC2012_val_00006128.JPEG
n01734418,ILSVRC2012_val_00038915.JPEG
n04019541,ILSVRC2012_val_00023684.JPEG
n04296562,ILSVRC2012_val_00013796.JPEG
n01440764,ILSVRC2012_val_00021740.JPEG
n03706229,ILSVRC2012_val_00016942.JPEG
n02106662,ILSVRC2012_val_00042561.JPEG
n04120489,ILSVRC2012_val_00004532.JPEG
n02672831,ILSVRC2012_val_00044448.JPEG
n01755581,ILSVRC2012_val_00038342.JPEG
n04347754,ILSVRC2012_val_00047712.JPEG
n01978455,ILSVRC2012_val_00011137.JPEG
n02111889,ILSVRC2012_val_00023884.JPEG
n03201208,ILSVRC2012_val_00018913.JPEG
n04443257,ILSVRC2012_val_00001733.JPEG
n02009912,ILSVRC2012_val_00015455.JPEG
n03197337,ILSVRC2012_val_00045934.JPEG
n03944341,ILSVRC2012_val_00013576.JPEG
n02190166,ILSVRC2012_val_00043104.JPEG
n03877845,ILSVRC2012_val_00005039.JPEG
n03388549,ILSVRC2012_val_00038144.JPEG
n02747177,ILSVRC2012_val_00004924.JPEG
n03692522,ILSVRC2012_val_00028226.JPEG
n02110806,ILSVRC2012_val_00025245.JPEG
n03485794,ILSVRC2012_val_00012876.JPEG
n04332243,ILSVRC2012_val_00012249.JPEG
n02992529,ILSVRC2012_val_00000089.JPEG
n02481823,ILSVRC2012_val_00008330.JPEG
n02094258,ILSVRC2012_val_00030822.JPEG
n02701002,ILSVRC2012_val_00001916.JPEG
n03891332,ILSVRC2012_val_00012116.JPEG
n01872401,ILSVRC2012_val_00021068.JPEG
n02927161,ILSVRC2012_val_00037430.JPEG
n02442845,ILSVRC2012_val_00014833.JPEG
n04542943,ILSVRC2012_val_00035714.JPEG
n04141327,ILSVRC2012_val_00014290.JPEG
n04099969,ILSVRC2012_val_00024620.JPEG
n01807496,ILSVRC2012_val_00040859.JPEG
n07715103,ILSVRC2012_val_00047140.JPEG
n03394916,ILSVRC2012_val_00005554.JPEG
n03590841,ILSVRC2012_val_00008702.JPEG
n07684084,ILSVRC2012_val_00027900.JPEG
n02951358,ILSVRC2012_val_00015044.JPEG
n02268853,ILSVRC2012_val_00035819.JPEG
n04273569,ILSVRC2012_val_00039954.JPEG
n02089973,ILSVRC2012_val_00004795.JPEG
n04147183,ILSVRC2012_val_00037955.JPEG
n01770393,ILSVRC2012_val_00022157.JPEG
n04435653,ILSVRC2012_val_00007689.JPEG
n04009552,ILSVRC2012_val_00033020.JPEG
n02134084,ILSVRC2012_val_00010742.JPEG
n03857828,ILSVRC2012_val_00036143.JPEG
n04372370,ILSVRC2012_val_00025073.JPEG
n02169497,ILSVRC2012_val_00020652.JPEG
n02114855,ILSVRC2012_val_00048162.JPEG
n03180011,ILSVRC2012_val_00043943.JPEG
n03676483,ILSVRC2012_val_00038105.JPEG
n07753113,ILSVRC2012_val_00020041.JPEG
n04493381,ILSVRC2012_val_00014421.JPEG
n03929660,ILSVRC2012_val_00047770.JPEG
n02790996,ILSVRC2012_val_00014676.JPEG
n03026506,ILSVRC2012_val_00044741.JPEG
n01484850,ILSVRC2012_val_00002752.JPEG
n02910353,ILSVRC2012_val_00009567.JPEG
n03982430,ILSVRC2012_val_00002385.JPEG
n02526121,ILSVRC2012_val_00001747.JPEG
n02346627,ILSVRC2012_val_00021587.JPEG
n02256656,ILSVRC2012_val_00044314.JPEG
n07871810,ILSVRC2012_val_00027403.JPEG
n01828970,ILSVRC2012_val_00045393.JPEG
n01877812,ILSVRC2012_val_00028912.JPEG
n07760859,ILSVRC2012_val_00001692.JPEG
n02978881,ILSVRC2012_val_00001674.JPEG
n04486054,ILSVRC2012_val_00002790.JPEG
n03216828,ILSVRC2012_val_00017237.JPEG
n03602883,ILSVRC2012_val_00027850.JPEG
n01984695,ILSVRC2012_val_00008156.JPEG
n03874293,ILSVRC2012_val_00046200.JPEG
n04553703,ILSVRC2012_val_00048784.JPEG
n02835271,ILSVRC2012_val_00009228.JPEG
n02094114,ILSVRC2012_val_00002824.JPEG
n01797886,ILSVRC2012_val_00007986.JPEG
n02259212,ILSVRC2012_val_00028692.JPEG
n02088466,ILSVRC2012_val_00024505.JPEG
n02412080,ILSVRC2012_val_00016555.JPEG
n02607072,ILSVRC2012_val_00010076.JPEG
n04008634,ILSVRC2012_val_00003596.JPEG
n03534580,ILSVRC2012_val_00015156.JPEG
n02120079,ILSVRC2012_val_00011289.JPEG
n02797295,ILSVRC2012_val_00032768.JPEG
n03888605,ILSVRC2012_val_00047668.JPEG
n03016953,ILSVRC2012_val_00026319.JPEG
n07730033,ILSVRC2012_val_00035924.JPEG
n02077923,ILSVRC2012_val_00027457.JPEG
n04596742,ILSVRC2012_val_00027468.JPEG
n04591713,ILSVRC2012_val_00037871.JPEG
n03255030,ILSVRC2012_val_00028417.JPEG
n02123159,ILSVRC2012_val_00014860.JPEG
n04152593,ILSVRC2012_val_00024674.JPEG
n02643566,ILSVRC2012_val_00003610.JPEG
n03866082,ILSVRC2012_val_00033995.JPEG
n07745940,ILSVRC2012_val_00046203.JPEG
n01498041,ILSVRC2012_val_00037798.JPEG
n04204238,ILSVRC2012_val_00043748.JPEG
n02106030,ILSVRC2012_val_00004711.JPEG
n02489166,ILSVRC2012_val_00029721.JPEG
n04033995,ILSVRC2012_val_00020509.JPEG
n02089867,ILSVRC2012_val_00010950.JPEG
n07717556,ILSVRC2012_val_00039890.JPEG
n03445777,ILSVRC2012_val_00023845.JPEG
n02007558,ILSVRC2012_val_00008887.JPEG
n04149813,ILSVRC2012_val_00030627.JPEG
n02115913,ILSVRC2012_val_00007526.JPEG
n09472597,ILSVRC2012_val_00039999.JPEG
n01990800,ILSVRC2012_val_00039404.JPEG
n02099267,ILSVRC2012_val_00034556.JPEG
n13054560,ILSVRC2012_val_00048003.JPEG
n02113624,ILSVRC2012_val_00036458.JPEG
n03874599,ILSVRC2012_val_00030933.JPEG
n02396427,ILSVRC2012_val_00032481.JPEG
n04532106,ILSVRC2012_val_00048503.JPEG
n03724870,ILSVRC2012_val_00029781.JPEG
n13037406,ILSVRC2012_val_00017984.JPEG
n02108551,ILSVRC2012_val_00025852.JPEG
n02870880,ILSVRC2012_val_00020066.JPEG
n03930313,ILSVRC2012_val_00018925.JPEG
n03920288,ILSVRC2012_val_00018533.JPEG
n02483708,ILSVRC2012_val_00000087.JPEG
n02869837,ILSVRC2012_val_00048571.JPEG
n01580077,ILSVRC2012_val_00038405.JPEG
n02484975,ILSVRC2012_val_00045387.JPEG
n02105412,ILSVRC2012_val_00025001.JPEG
n04266014,ILSVRC2012_val_00003073.JPEG
n02090622,ILSVRC2012_val_00033904.JPEG
n02002724,ILSVRC2012_val_00038579.JPEG
n01608432,ILSVRC2012_val_00037878.JPEG
n02112706,ILSVRC2012_val_00001568.JPEG
n02939185,ILSVRC2012_val_00010282.JPEG
n03930630,ILSVRC2012_val_00024317.JPEG
n01871265,ILSVRC2012_val_00002998.JPEG
n04131690,ILSVRC2012_val_00023911.JPEG
n03495258,ILSVRC2012_val_00002209.JPEG
n02326432,ILSVRC2012_val_00011291.JPEG
n07614500,ILSVRC2012_val_00037496.JPEG
n02988304,ILSVRC2012_val_00041129.JPEG
n04201297,ILSVRC2012_val_00046663.JPEG
n02006656,ILSVRC2012_val_00013457.JPEG
n03496892,ILSVRC2012_val_00046679.JPEG
n02834397,ILSVRC2012_val_00013913.JPEG
n02509815,ILSVRC2012_val_00007199.JPEG
n03249569,ILSVRC2012_val_00027746.JPEG
n03314780,ILSVRC2012_val_00033005.JPEG
n01689811,ILSVRC2012_val_00043246.JPEG
n04604644,ILSVRC2012_val_00024849.JPEG
n01770081,ILSVRC2012_val_00022764.JPEG
n01644373,ILSVRC2012_val_00023855.JPEG
n02676566,ILSVRC2012_val_00037301.JPEG
n04613696,ILSVRC2012_val_00009750.JPEG
n13052670,ILSVRC2012_val_00025742.JPEG
n02783161,ILSVRC2012_val_00043329.JPEG
n02364673,ILSVRC2012_val_00006354.JPEG
n04579432,ILSVRC2012_val_00040275.JPEG
n02264363,ILSVRC2012_val_00044490.JPEG
n03868863,ILSVRC2012_val_00047780.JPEG
n02089078,ILSVRC2012_val_00029648.JPEG
n02692877,ILSVRC2012_val_00001602.JPEG
n02099429,ILSVRC2012_val_00005699.JPEG
n03425413,ILSVRC2012_val_00032250.JPEG
n03763968,ILSVRC2012_val_00022279.JPEG
n02133161,ILSVRC2012_val_00007093.JPEG
n03770439,ILSVRC2012_val_00020862.JPEG
n12768682,ILSVRC2012_val_00018030.JPEG
n02111277,ILSVRC2012_val_00012380.JPEG
n02134418,ILSVRC2012_val_00033689.JPEG
n04532670,ILSVRC2012_val_00010807.JPEG
n04005630,ILSVRC2012_val_00023641.JPEG
n03709823,ILSVRC2012_val_00036582.JPEG
n04311004,ILSVRC2012_val_00010299.JPEG
n03598930,ILSVRC2012_val_00044400.JPEG
n01798484,ILSVRC2012_val_00023099.JPEG
n02090379,ILSVRC2012_val_00015885.JPEG
n04004767,ILSVRC2012_val_00047286.JPEG
n01560419,ILSVRC2012_val_00000198.JPEG
n01698640,ILSVRC2012_val_00027134.JPEG
n03887697,ILSVRC2012_val_00043048.JPEG
n01514859,ILSVRC2012_val_00032930.JPEG
n02018795,ILSVRC2012_val_00001586.JPEG
n03047690,ILSVRC2012_val_00015276.JPEG
n03633091,ILSVRC2012_val_00022723.JPEG
n03642806,ILSVRC2012_val_00002580.JPEG
n03733805,ILSVRC2012_val_00002919.JPEG
n02113186,ILSVRC2012_val_00001686.JPEG
n06359193,ILSVRC2012_val_00046896.JPEG
n07584110,ILSVRC2012_val_00029665.JPEG
n04081281,ILSVRC2012_val_00018924.JPEG
n03895866,ILSVRC2012_val_00014494.JPEG
n01776313,ILSVRC2012_val_00002957.JPEG
n04243546,ILSVRC2012_val_00034692.JPEG
n02704792,ILSVRC2012_val_00030917.JPEG
n07754684,ILSVRC2012_val_00003694.JPEG
n03908618,ILSVRC2012_val_00035020.JPEG
n01882714,ILSVRC2012_val_00003551.JPEG
n04239074,ILSVRC2012_val_00033585.JPEG
n01664065,ILSVRC2012_val_00033445.JPEG
n03417042,ILSVRC2012_val_00013958.JPEG
n02095889,ILSVRC2012_val_00044904.JPEG
n03876231,ILSVRC2012_val_00012756.JPEG
n01694178,ILSVRC2012_val_00021092.JPEG
n01774384,ILSVRC2012_val_00001454.JPEG
n03146219,ILSVRC2012_val_00000730.JPEG
n02791270,ILSVRC2012_val_00000813.JPEG
n02123394,ILSVRC2012_val_00010995.JPEG
n02410509,ILSVRC2012_val_00018032.JPEG
n01728572,ILSVRC2012_val_00017109.JPEG
n01944390,ILSVRC2012_val_00008002.JPEG
n03355925,ILSVRC2012_val_00019526.JPEG
n02088364,ILSVRC2012_val_00016656.JPEG
n01945685,ILSVRC2012_val_00023207.JPEG
n01616318,ILSVRC2012_val_00042410.JPEG
n09229709,ILSVRC2012_val_00009029.JPEG
n02106550,ILSVRC2012_val_00022664.JPEG
n04039381,ILSVRC2012_val_00003870.JPEG
n03100240,ILSVRC2012_val_00007348.JPEG
n02099712,ILSVRC2012_val_00018947.JPEG
n03017168,ILSVRC2012_val_00007510.JPEG
n04118538,ILSVRC2012_val_00039844.JPEG
n04554684,ILSVRC2012_val_00003561.JPEG
n03991062,ILSVRC2012_val_00031625.JPEG
n04429376,ILSVRC2012_val_00041883.JPEG
n02092002,ILSVRC2012_val_00024831.JPEG
n03379051,ILSVRC2012_val_00019724.JPEG
n02391049,ILSVRC2012_val_00012498.JPEG
n03743016,ILSVRC2012_val_00041611.JPEG
n03980874,ILSVRC2012_val_00010067.JPEG
n07753592,ILSVRC2012_val_00003412.JPEG
n02110063,ILSVRC2012_val_00034036.JPEG
n02488702,ILSVRC2012_val_00048491.JPEG
n02276258,ILSVRC2012_val_00045550.JPEG
n01978287,ILSVRC2012_val_00020675.JPEG
n02422106,ILSVRC2012_val_00028435.JPEG
n01632458,ILSVRC2012_val_00038202.JPEG
n02037110,ILSVRC2012_val_00028025.JPEG
n03000684,ILSVRC2012_val_00034727.JPEG
n03792782,ILSVRC2012_val_00049750.JPEG
n02814533,ILSVRC2012_val_00042416.JPEG
n04277352,ILSVRC2012_val_00044800.JPEG
n02093859,ILSVRC2012_val_00037450.JPEG
n01534433,ILSVRC2012_val_00036008.JPEG
n02093256,ILSVRC2012_val_00037318.JPEG
n04141076,ILSVRC2012_val_00009736.JPEG
n04040759,ILSVRC2012_val_00007508.JPEG
n03290653,ILSVRC2012_val_00001694.JPEG
n02114548,ILSVRC2012_val_00004604.JPEG
n02066245,ILSVRC2012_val_00020123.JPEG
n04065272,ILSVRC2012_val_00044785.JPEG
n03908714,ILSVRC2012_val_00021673.JPEG
n04259630,ILSVRC2012_val_00045264.JPEG
n02777292,ILSVRC2012_val_00045397.JPEG
n02948072,ILSVRC2012_val_00014435.JPEG
n04254120,ILSVRC2012_val_00009872.JPEG
n04418357,ILSVRC2012_val_00047528.JPEG
n04536866,ILSVRC2012_val_00012680.JPEG
n04325704,ILSVRC2012_val_00042616.JPEG
n03916031,ILSVRC2012_val_00029995.JPEG
n02011460,ILSVRC2012_val_00012375.JPEG
n03000134,ILSVRC2012_val_00048435.JPEG
n01819313,ILSVRC2012_val_00033479.JPEG
n02206856,ILSVRC2012_val_00047352.JPEG
n07930864,ILSVRC2012_val_00012871.JPEG
n03594734,ILSVRC2012_val_00002453.JPEG
n07875152,ILSVRC2012_val_00009509.JPEG
n04127249,ILSVRC2012_val_00040506.JPEG
n04357314,ILSVRC2012_val_00017550.JPEG
n12998815,ILSVRC2012_val_00015851.JPEG
n02977058,ILSVRC2012_val_00037869.JPEG
n02840245,ILSVRC2012_val_00030462.JPEG
n01873310,ILSVRC2012_val_00036442.JPEG
n04540053,ILSVRC2012_val_00049252.JPEG
n03584829,ILSVRC2012_val_00044167.JPEG
n02492660,ILSVRC2012_val_00016829.JPEG
n03065424,ILSVRC2012_val_00029883.JPEG
n04229816,ILSVRC2012_val_00023612.JPEG
n03220513,ILSVRC2012_val_00018307.JPEG
n01667114,ILSVRC2012_val_00027074.JPEG
n03773504,ILSVRC2012_val_00001525.JPEG
n01739381,ILSVRC2012_val_00030067.JPEG
n04209239,ILSVRC2012_val_00046099.JPEG
n02102040,ILSVRC2012_val_00014280.JPEG
n04118776,ILSVRC2012_val_00010568.JPEG
n02226429,ILSVRC2012_val_00047043.JPEG
n03786901,ILSVRC2012_val_00009080.JPEG
n02219486,ILSVRC2012_val_00035087.JPEG
n04252077,ILSVRC2012_val_00037661.JPEG
n01986214,ILSVRC2012_val_00025381.JPEG
n02879718,ILSVRC2012_val_00022831.JPEG
n01744401,ILSVRC2012_val_00032500.JPEG
n03535780,ILSVRC2012_val_00009482.JPEG
n04404412,ILSVRC2012_val_00037104.JPEG
n03045698,ILSVRC2012_val_00042817.JPEG
n04423845,ILSVRC2012_val_00026002.JPEG
n07932039,ILSVRC2012_val_00022583.JPEG
n03492542,ILSVRC2012_val_00028773.JPEG
n01632777,ILSVRC2012_val_00044893.JPEG
n02097047,ILSVRC2012_val_00023218.JPEG
n03447721,ILSVRC2012_val_00041770.JPEG
n04522168,ILSVRC2012_val_00047639.JPEG
n06785654,ILSVRC2012_val_00027470.JPEG
n03961711,ILSVRC2012_val_00030763.JPEG
n02105641,ILSVRC2012_val_00041053.JPEG
n01582220,ILSVRC2012_val_00033483.JPEG
n02104365,ILSVRC2012_val_00024589.JPEG
n02837789,ILSVRC2012_val_00032484.JPEG
n02086240,ILSVRC2012_val_00010550.JPEG
n04589890,ILSVRC2012_val_00027696.JPEG
n01675722,ILSVRC2012_val_00048134.JPEG
n03133878,ILSVRC2012_val_00035267.JPEG
n02033041,ILSVRC2012_val_00046892.JPEG
n01773549,ILSVRC2012_val_00037282.JPEG
n03733131,ILSVRC2012_val_00038021.JPEG
n04592741,ILSVRC2012_val_00001901.JPEG
n07860988,ILSVRC2012_val_00008339.JPEG
n07720875,ILSVRC2012_val_00043991.JPEG
n02730930,ILSVRC2012_val_00009147.JPEG
n02277742,ILSVRC2012_val_00029018.JPEG
n02093647,ILSVRC2012_val_00023175.JPEG
n01742172,ILSVRC2012_val_00042500.JPEG
n04458633,ILSVRC2012_val_00048228.JPEG
n04251144,ILSVRC2012_val_00023075.JPEG
n02074367,ILSVRC2012_val_00004715.JPEG
n04584207,ILSVRC2012_val_00026602.JPEG
n04557648,ILSVRC2012_val_00038312.JPEG
n03995372,ILSVRC2012_val_00022789.JPEG
n02108089,ILSVRC2012_val_00000635.JPEG
n03792972,ILSVRC2012_val_00033739.JPEG
n07613480,ILSVRC2012_val_00029614.JPEG
n03530642,ILSVRC2012_val_00021845.JPEG
n02841315,ILSVRC2012_val_00016311.JPEG
n07579787,ILSVRC2012_val_00007662.JPEG
n02132136,ILSVRC2012_val_00047752.JPEG
n04560804,ILSVRC2012_val_00014626.JPEG
n04111531,ILSVRC2012_val_00020361.JPEG
n02096585,ILSVRC2012_val_00003354.JPEG
n03998194,ILSVRC2012_val_00009724.JPEG
n02788148,ILSVRC2012_val_00039705.JPEG
n03796401,ILSVRC2012_val_00005422.JPEG
n03461385,ILSVRC2012_val_00015314.JPEG
n02447366,ILSVRC2012_val_00004409.JPEG
n02786058,ILSVRC2012_val_00020756.JPEG
n03838899,ILSVRC2012_val_00036626.JPEG
n02128925,ILSVRC2012_val_00029007.JPEG
n04311174,ILSVRC2012_val_00017859.JPEG
n02051845,ILSVRC2012_val_00024180.JPEG
n04350905,ILSVRC2012_val_00032076.JPEG
n02669723,ILSVRC2012_val_00009522.JPEG
n03788195,ILSVRC2012_val_00018208.JPEG
n01692333,ILSVRC2012_val_00035069.JPEG
n03272010,ILSVRC2012_val_00044737.JPEG
n02909870,ILSVRC2012_val_00011119.JPEG
n02071294,ILSVRC2012_val_00014819.JPEG
n02097209,ILSVRC2012_val_00009589.JPEG
n03627232,ILSVRC2012_val_00011114.JPEG
n07836838,ILSVRC2012_val_00047503.JPEG
n04591157,ILSVRC2012_val_00023814.JPEG
n03938244,ILSVRC2012_val_00040748.JPEG
n01592084,ILSVRC2012_val_00020469.JPEG
n03207941,ILSVRC2012_val_00043740.JPEG
n04238763,ILSVRC2012_val_00035383.JPEG
n01806143,ILSVRC2012_val_00014890.JPEG
n01728920,ILSVRC2012_val_00042312.JPEG
n09288635,ILSVRC2012_val_00019619.JPEG
n02971356,ILSVRC2012_val_00023953.JPEG
n03841143,ILSVRC2012_val_00018900.JPEG
n02641379,ILSVRC2012_val_00023480.JPEG
n02102973,ILSVRC2012_val_00013752.JPEG
n03532672,ILSVRC2012_val_00016133.JPEG
n02794156,ILSVRC2012_val_00007803.JPEG
n01796340,ILSVRC2012_val_00006847.JPEG
n02093428,ILSVRC2012_val_00043672.JPEG
n07742313,ILSVRC2012_val_00019453.JPEG
n02804610,ILSVRC2012_val_00001369.JPEG
n02091032,ILSVRC2012_val_00042099.JPEG
n03400231,ILSVRC2012_val_00049919.JPEG
n04467665,ILSVRC2012_val_00049660.JPEG
n01751748,ILSVRC2012_val_00002698.JPEG
n03983396,ILSVRC2012_val_00018513.JPEG
n07714571,ILSVRC2012_val_00005749.JPEG
n04366367,ILSVRC2012_val_00024864.JPEG
n15075141,ILSVRC2012_val_00002663.JPEG
n03481172,ILSVRC2012_val_00024402.JPEG
n01981276,ILSVRC2012_val_00007999.JPEG
n04579145,ILSVRC2012_val_00006173.JPEG
n04286575,ILSVRC2012_val_00007039.JPEG
n04154565,ILSVRC2012_val_00049890.JPEG
n07831146,ILSVRC2012_val_00029778.JPEG
n03110669,ILSVRC2012_val_00013933.JPEG
n02096177,ILSVRC2012_val_00044615.JPEG
n04507155,ILSVRC2012_val_00040191.JPEG
n03637318,ILSVRC2012_val_00047460.JPEG
n04328186,ILSVRC2012_val_00035635.JPEG
n02110341,ILSVRC2012_val_00033418.JPEG
n03794056,ILSVRC2012_val_00048711.JPEG
n03124170,ILSVRC2012_val_00003760.JPEG
n01669191,ILSVRC2012_val_00033723.JPEG
n02782093,ILSVRC2012_val_00016225.JPEG
n03777754,ILSVRC2012_val_00038670.JPEG
n04041544,ILSVRC2012_val_00029014.JPEG
n02058221,ILSVRC2012_val_00015132.JPEG
n04398044,ILSVRC2012_val_00006001.JPEG
n04376876,ILSVRC2012_val_00006523.JPEG
n04597913,ILSVRC2012_val_00036316.JPEG
n02088238,ILSVRC2012_val_00023968.JPEG
n02319095,ILSVRC2012_val_00046724.JPEG
n04442312,ILSVRC2012_val_00001572.JPEG
n04330267,ILSVRC2012_val_00044740.JPEG
n02808440,ILSVRC2012_val_00019507.JPEG
n01985128,ILSVRC2012_val_00024160.JPEG
n04336792,ILSVRC2012_val_00046780.JPEG
n03710193,ILSVRC2012_val_00047418.JPEG
n02415577,ILSVRC2012_val_00008701.JPEG
n04370456,ILSVRC2012_val_00044770.JPEG
n04317175,ILSVRC2012_val_00010901.JPEG
n02504458,ILSVRC2012_val_00010619.JPEG
n04228054,ILSVRC2012_val_00022651.JPEG
n03459775,ILSVRC2012_val_00023710.JPEG
n03538406,ILSVRC2012_val_00013067.JPEG
n02110958,ILSVRC2012_val_00019464.JPEG
n02128385,ILSVRC2012_val_00048233.JPEG
n02102480,ILSVRC2012_val_00048337.JPEG
n03388043,ILSVRC2012_val_00042250.JPEG
n02666196,ILSVRC2012_val_00045583.JPEG
n01748264,ILSVRC2012_val_00017753.JPEG
n12985857,ILSVRC2012_val_00018130.JPEG
n03843555,ILSVRC2012_val_00047873.JPEG
n02100877,ILSVRC2012_val_00045521.JPEG
n02437616,ILSVRC2012_val_00005960.JPEG
n03478589,ILSVRC2012_val_00028658.JPEG
n02165105,ILSVRC2012_val_00003852.JPEG
n02494079,ILSVRC2012_val_00042708.JPEG
n02268443,ILSVRC2012_val_00043136.JPEG
n03899768,ILSVRC2012_val_00023562.JPEG
n04179913,ILSVRC2012_val_00001239.JPEG
n03584254,ILSVRC2012_val_00006568.JPEG
n03450230,ILSVRC2012_val_00001627.JPEG
n03179701,ILSVRC2012_val_00042089.JPEG
n03662601,ILSVRC2012_val_00004933.JPEG
n02356798,ILSVRC2012_val_00049865.JPEG
n02137549,ILSVRC2012_val_00037155.JPEG
n03649909,ILSVRC2012_val_00005246.JPEG
n03942813,ILSVRC2012_val_00005631.JPEG
n04265275,ILSVRC2012_val_00019452.JPEG
n01729322,ILSVRC2012_val_00032012.JPEG
n04417672,ILSVRC2012_val_00025908.JPEG
n03014705,ILSVRC2012_val_00032512.JPEG
n02417914,ILSVRC2012_val_00009082.JPEG
n02102318,ILSVRC2012_val_00003530.JPEG
n04461696,ILSVRC2012_val_00028140.JPEG
n02859443,ILSVRC2012_val_00042363.JPEG
n02105251,ILSVRC2012_val_00016146.JPEG
n04523525,ILSVRC2012_val_00049794.JPEG
n01740131,ILSVRC2012_val_00009329.JPEG
n03877472,ILSVRC2012_val_00016590.JPEG
n02325366,ILSVRC2012_val_00000685.JPEG
n03680355,ILSVRC2012_val_00018671.JPEG
n02445715,ILSVRC2012_val_00005312.JPEG
n02088094,ILSVRC2012_val_00006698.JPEG
n03776460,ILSVRC2012_val_00039128.JPEG
n02108000,ILSVRC2012_val_00012740.JPEG
n03782006,ILSVRC2012_val_00010771.JPEG
n03095699,ILSVRC2012_val_00002748.JPEG
n02791124,ILSVRC2012_val_00000804.JPEG
n02086079,ILSVRC2012_val_00031721.JPEG
n02091831,ILSVRC2012_val_00019498.JPEG
n02091635,ILSVRC2012_val_00041912.JPEG
n02749479,ILSVRC2012_val_00028527.JPEG
n03337140,ILSVRC2012_val_00007025.JPEG
n02321529,ILSVRC2012_val_00034757.JPEG
n04550184,ILSVRC2012_val_00010913.JPEG
n03871628,ILSVRC2012_val_00004509.JPEG
n04254680,ILSVRC2012_val_00032238.JPEG
n02098286,ILSVRC2012_val_00016552.JPEG
n09428293,ILSVRC2012_val_00043671.JPEG
n03791053,ILSVRC2012_val_00043402.JPEG
n02488291,ILSVRC2012_val_00044270.JPEG
n03804744,ILSVRC2012_val_00016078.JPEG
n04505470,ILSVRC2012_val_00009383.JPEG
n04355338,ILSVRC2012_val_00024393.JPEG
n02398521,ILSVRC2012_val_00022573.JPEG
n01641577,ILSVRC2012_val_00020916.JPEG
n02101388,ILSVRC2012_val_00023824.JPEG
n01968897,ILSVRC2012_val_00030526.JPEG
n03063599,ILSVRC2012_val_00023640.JPEG
n03325584,ILSVRC2012_val_00047842.JPEG
n01784675,ILSVRC2012_val_00004841.JPEG
n07892512,ILSVRC2012_val_00022311.JPEG
n07590611,ILSVRC2012_val_00038594.JPEG
n02093754,ILSVRC2012_val_00033226.JPEG
n07697537,ILSVRC2012_val_00028722.JPEG
n02027492,ILSVRC2012_val_00012889.JPEG
n04136333,ILSVRC2012_val_00002902.JPEG
n01677366,ILSVRC2012_val_00000523.JPEG
n01917289,ILSVRC2012_val_00046113.JPEG
n04367480,ILSVRC2012_val_00040620.JPEG
n02096051,ILSVRC2012_val_00022374.JPEG
n03657121,ILSVRC2012_val_00018182.JPEG
n03769881,ILSVRC2012_val_00022551.JPEG
n02123597,ILSVRC2012_val_00032328.JPEG
n01806567,ILSVRC2012_val_00041960.JPEG
n04090263,ILSVRC2012_val_00018441.JPEG
n03814906,ILSVRC2012_val_00032234.JPEG
n03785016,ILSVRC2012_val_00042151.JPEG
n03345487,ILSVRC2012_val_00047588.JPEG
n02483362,ILSVRC2012_val_00009519.JPEG
n03127747,ILSVRC2012_val_00049691.JPEG
n02403003,ILSVRC2012_val_00041495.JPEG
n07695742,ILSVRC2012_val_00004887.JPEG
n03447447,ILSVRC2012_val_00025029.JPEG
n02092339,ILSVRC2012_val_00032957.JPEG
n03903868,ILSVRC2012_val_00039658.JPEG
n03250847,ILSVRC2012_val_00036579.JPEG
n02085782,ILSVRC2012_val_00012298.JPEG
n04371774,ILSVRC2012_val_00012257.JPEG
n03443371,ILSVRC2012_val_00034156.JPEG
n03063689,ILSVRC2012_val_00045675.JPEG
n02113978,ILSVRC2012_val_00003435.JPEG
n03761084,ILSVRC2012_val_00008253.JPEG
n02795169,ILSVRC2012_val_00025956.JPEG
n04285008,ILSVRC2012_val_00016638.JPEG
n04200800,ILSVRC2012_val_00004232.JPEG
n04335435,ILSVRC2012_val_00019234.JPEG
n02280649,ILSVRC2012_val_00042519.JPEG
n01817953,ILSVRC2012_val_00049962.JPEG
n02013706,ILSVRC2012_val_00007564.JPEG
n04599235,ILSVRC2012_val_00003956.JPEG
n01688243,ILSVRC2012_val_00012759.JPEG
n02457408,ILSVRC2012_val_00024118.JPEG
n02130308,ILSVRC2012_val_00021006.JPEG
n04409515,ILSVRC2012_val_00024455.JPEG
n07768694,ILSVRC2012_val_00029499.JPEG
n03599486,ILSVRC2012_val_00010273.JPEG
n03670208,ILSVRC2012_val_00000357.JPEG
n02002556,ILSVRC2012_val_00029696.JPEG
n03218198,ILSVRC2012_val_00012186.JPEG
n03721384,ILSVRC2012_val_00015165.JPEG
n02106166,ILSVRC2012_val_00003303.JPEG
n02687172,ILSVRC2012_val_00047902.JPEG
n02017213,ILSVRC2012_val_00006192.JPEG
n01601694,ILSVRC2012_val_00020730.JPEG
n02095570,ILSVRC2012_val_00048963.JPEG
n04346328,ILSVRC2012_val_00032842.JPEG
n02500267,ILSVRC2012_val_00032324.JPEG
n02105162,ILSVRC2012_val_00039782.JPEG
n01532829,ILSVRC2012_val_00022727.JPEG
n09835506,ILSVRC2012_val_00004760.JPEG
n01537544,ILSVRC2012_val_00048829.JPEG
n03376595,ILSVRC2012_val_00015559.JPEG
n03977966,ILSVRC2012_val_00001143.JPEG
n03424325,ILSVRC2012_val_00021850.JPEG
n13040303,ILSVRC2012_val_00003948.JPEG
n03404251,ILSVRC2012_val_00040740.JPEG
n02012849,ILSVRC2012_val_00009739.JPEG
n02096437,ILSVRC2012_val_00016759.JPEG
n02486410,ILSVRC2012_val_00003454.JPEG
n01983481,ILSVRC2012_val_00001531.JPEG
n02087046,ILSVRC2012_val_00011748.JPEG
n11879895,ILSVRC2012_val_00029679.JPEG
n03393912,ILSVRC2012_val_00041457.JPEG
n01795545,ILSVRC2012_val_00012123.JPEG
n03777568,ILSVRC2012_val_00016906.JPEG
n03452741,ILSVRC2012_val_00003889.JPEG
n02504013,ILSVRC2012_val_00005205.JPEG
n01833805,ILSVRC2012_val_00038443.JPEG
n04146614,ILSVRC2012_val_00031163.JPEG
n02128757,ILSVRC2012_val_00032285.JPEG
n02138441,ILSVRC2012_val_00037627.JPEG
n03825788,ILSVRC2012_val_00048296.JPEG
n03388183,ILSVRC2012_val_00034555.JPEG
n03775071,ILSVRC2012_val_00031366.JPEG
n02951585,ILSVRC2012_val_00026332.JPEG
n04033901,ILSVRC2012_val_00019393.JPEG
n03764736,ILSVRC2012_val_00006557.JPEG
n04399382,ILSVRC2012_val_00005632.JPEG
n04264628,ILSVRC2012_val_00029531.JPEG
n02106382,ILSVRC2012_val_00003834.JPEG
n07880968,ILSVRC2012_val_00023364.JPEG
n02108915,ILSVRC2012_val_00005677.JPEG
n02109047,ILSVRC2012_val_00006172.JPEG
n02107683,ILSVRC2012_val_00046247.JPEG
n04125021,ILSVRC2012_val_00011269.JPEG
n01665541,ILSVRC2012_val_00010669.JPEG
n03729826,ILSVRC2012_val_00049995.JPEG
n01774750,ILSVRC2012_val_00048505.JPEG
n01496331,ILSVRC2012_val_00028422.JPEG
n04204347,ILSVRC2012_val_00015814.JPEG
n02480855,ILSVRC2012_val_00040794.JPEG
n03902125,ILSVRC2012_val_00010969.JPEG
n02112018,ILSVRC2012_val_00027360.JPEG
n04447861,ILSVRC2012_val_00004573.JPEG
n03623198,ILSVRC2012_val_00000686.JPEG
n04235860,ILSVRC2012_val_00019879.JPEG
n02860847,ILSVRC2012_val_00014338.JPEG
n03837869,ILSVRC2012_val_00024307.JPEG
n02894605,ILSVRC2012_val_00016937.JPEG
n02107312,ILSVRC2012_val_00031295.JPEG
n02091134,ILSVRC2012_val_00034906.JPEG
n02877765,ILSVRC2012_val_00041719.JPEG
n02093991,ILSVRC2012_val_00015923.JPEG
n04270147,ILSVRC2012_val_00039016.JPEG
n04389033,ILSVRC2012_val_00040332.JPEG
n02640242,ILSVRC2012_val_00021895.JPEG
n04525305,ILSVRC2012_val_00010451.JPEG
n04485082,ILSVRC2012_val_00049983.JPEG
n12620546,ILSVRC2012_val_00029950.JPEG
n07734744,ILSVRC2012_val_00025813.JPEG
n03041632,ILSVRC2012_val_00019358.JPEG
n07747607,ILSVRC2012_val_00034677.JPEG
n04208210,ILSVRC2012_val_00012626.JPEG
n01558993,ILSVRC2012_val_00022186.JPEG
n02018207,ILSVRC2012_val_00012309.JPEG
n02129604,ILSVRC2012_val_00034256.JPEG
n02514041,ILSVRC2012_val_00003806.JPEG
n03617480,ILSVRC2012_val_00035822.JPEG
n02113023,ILSVRC2012_val_00011556.JPEG
n03781244,ILSVRC2012_val_00018653.JPEG
n02966687,ILSVRC2012_val_00007100.JPEG
n01843065,ILSVRC2012_val_00006372.JPEG
n03690938,ILSVRC2012_val_00029964.JPEG
n01697457,ILSVRC2012_val_00037166.JPEG
n03372029,ILSVRC2012_val_00009395.JPEG
n01818515,ILSVRC2012_val_00047696.JPEG
n03929855,ILSVRC2012_val_00030707.JPEG
n01883070,ILSVRC2012_val_00018956.JPEG
n02110185,ILSVRC2012_val_00023437.JPEG
n03775546,ILSVRC2012_val_00005835.JPEG
n01494475,ILSVRC2012_val_00045133.JPEG
n03187595,ILSVRC2012_val_00025972.JPEG
n02117135,ILSVRC2012_val_00035999.JPEG
n03661043,ILSVRC2012_val_00014155.JPEG
n04133789,ILSVRC2012_val_00015569.JPEG
n07565083,ILSVRC2012_val_00018731.JPEG
n03976657,ILSVRC2012_val_00021371.JPEG
n02437312,ILSVRC2012_val_00037772.JPEG
n01530575,ILSVRC2012_val_00026673.JPEG
n02086910,ILSVRC2012_val_00019603.JPEG
n01735189,ILSVRC2012_val_00010140.JPEG
n02104029,ILSVRC2012_val_00027086.JPEG
n04086273,ILSVRC2012_val_00040355.JPEG
n02125311,ILSVRC2012_val_00025629.JPEG
n02480495,ILSVRC2012_val_00015876.JPEG
n02114712,ILSVRC2012_val_00021812.JPEG
n03720891,ILSVRC2012_val_00017528.JPEG
n03527444,ILSVRC2012_val_00040655.JPEG
n02799071,ILSVRC2012_val_00044225.JPEG
n01631663,ILSVRC2012_val_00038658.JPEG
n04482393,ILSVRC2012_val_00044823.JPEG
n03759954,ILSVRC2012_val_00015866.JPEG
n02814860,ILSVRC2012_val_00009308.JPEG
n03085013,ILSVRC2012_val_00001071.JPEG
n03868242,ILSVRC2012_val_00048117.JPEG
n03188531,ILSVRC2012_val_00024495.JPEG
n02109525,ILSVRC2012_val_00010859.JPEG
n01829413,ILSVRC2012_val_00026845.JPEG
n09256479,ILSVRC2012_val_00000235.JPEG
n04162706,ILSVRC2012_val_00027843.JPEG
n02510455,ILSVRC2012_val_00041143.JPEG
n03884397,ILSVRC2012_val_00044078.JPEG
n02094433,ILSVRC2012_val_00035939.JPEG
n02097130,ILSVRC2012_val_00002573.JPEG
n02708093,ILSVRC2012_val_00044049.JPEG
n03954731,ILSVRC2012_val_00037644.JPEG
n02119022,ILSVRC2012_val_00039745.JPEG
n01820546,ILSVRC2012_val_00018195.JPEG
n02107142,ILSVRC2012_val_00043074.JPEG
n02389026,ILSVRC2012_val_00029082.JPEG
n03494278,ILSVRC2012_val_00028082.JPEG
n03873416,ILSVRC2012_val_00032248.JPEG
n04275548,ILSVRC2012_val_00009373.JPEG
n03710721,ILSVRC2012_val_00009951.JPEG
n01753488,ILSVRC2012_val_00043809.JPEG
n03018349,ILSVRC2012_val_00022431.JPEG
n03089624,ILSVRC2012_val_00007851.JPEG
n02667093,ILSVRC2012_val_00027935.JPEG
n04562935,ILSVRC2012_val_00034973.JPEG
n01773797,ILSVRC2012_val_00020991.JPEG
n04509417,ILSVRC2012_val_00004318.JPEG
n02871525,ILSVRC2012_val_00005079.JPEG
n03788365,ILSVRC2012_val_00008243.JPEG
n04067472,ILSVRC2012_val_00036326.JPEG
n02109961,ILSVRC2012_val_00028523.JPEG
n02930766,ILSVRC2012_val_00004197.JPEG
n03482405,ILSVRC2012_val_00019326.JPEG
n04548362,ILSVRC2012_val_00049758.JPEG
n02804414,ILSVRC2012_val_00049212.JPEG
n01860187,ILSVRC2012_val_00044422.JPEG
n03891251,ILSVRC2012_val_00016790.JPEG
n03207743,ILSVRC2012_val_00032828.JPEG
n02113712,ILSVRC2012_val_00029675.JPEG
n03347037,ILSVRC2012_val_00031529.JPEG
n03854065,ILSVRC2012_val_00031331.JPEG
n07697313,ILSVRC2012_val_00038724.JPEG
n01955084,ILSVRC2012_val_00049301.JPEG
n02423022,ILSVRC2012_val_00034438.JPEG
n02441942,ILSVRC2012_val_00031908.JPEG
n03032252,ILSVRC2012_val_00037675.JPEG
n04263257,ILSVRC2012_val_00001296.JPEG
n03673027,ILSVRC2012_val_00013452.JPEG
n02906734,ILSVRC2012_val_00003397.JPEG
n02099601,ILSVRC2012_val_00046220.JPEG
n02097298,ILSVRC2012_val_00032291.JPEG
n02056570,ILSVRC2012_val_00046966.JPEG
n07920052,ILSVRC2012_val_00032545.JPEG
n02115641,ILSVRC2012_val_00015821.JPEG
n01749939,ILSVRC2012_val_00042383.JPEG
n02009229,ILSVRC2012_val_00018197.JPEG
n07248320,ILSVRC2012_val_00049970.JPEG
n04612504,ILSVRC2012_val_00013403.JPEG
n02965783,ILSVRC2012_val_00023349.JPEG
n04153751,ILSVRC2012_val_00040250.JPEG
n02807133,ILSVRC2012_val_00048374.JPEG
n04344873,ILSVRC2012_val_00038296.JPEG
n07716358,ILSVRC2012_val_00002865.JPEG
n02100236,ILSVRC2012_val_00048770.JPEG
n02112137,ILSVRC2012_val_00015350.JPEG
n04026417,ILSVRC2012_val_00013221.JPEG
n01855032,ILSVRC2012_val_00013343.JPEG
n01443537,ILSVRC2012_val_00044095.JPEG
n04258138,ILSVRC2012_val_00028128.JPEG
n04310018,ILSVRC2012_val_00046166.JPEG
n03888257,ILSVRC2012_val_00022638.JPEG
n03992509,ILSVRC2012_val_00044105.JPEG
n07718472,ILSVRC2012_val_00034044.JPEG
